Nome,Sexo,Profissão,Salário Atual,Estado Civil,Predicao KNN,Predicao Arvore
Cliente_0,Feminino,Médico,7153,Divorciado,Bom Pagador,Bom Pagador
Cliente_1,Feminino,Programador,9398,Divorciado,Pagador Médio,Bom Pagador
Cliente_2,Feminino,Vendedor,1608,Casado,Bom Pagador,Bom Pagador
Cliente_3,Feminino,Programador,3776,Divorciado,Pagador Médio,Pagador Médio
Cliente_4,Masculino,Engenheiro,5268,Divorciado,Pagador Médio,Bom Pagador
Cliente_5,Masculino,Médico,56806,Solteiro,Pagador Médio,Bom Pagador
Cliente_6,Feminino,Vendedor,4562,Divorciado,Pagador Médio,Bom Pagador
Cliente_7,Masculino,Médico,11363,Divorciado,Pagador Médio,Pagador Médio
Cliente_8,Masculino,Vendedor,3438,Solteiro,Pagador Médio,Pagador Médio
Cliente_9,Masculino,Professor,8293,Solteiro,Pagador Médio,Pagador Médio
Cliente_10,Masculino,Engenheiro,13300,Solteiro,Pagador Médio,Bom Pagador
Cliente_11,Feminino,Vendedor,12562,Divorciado,Pagador Médio,Bom Pagador
Cliente_12,Masculino,Engenheiro,4952,Solteiro,Pagador Médio,Bom Pagador
Cliente_13,Feminino,Designer,12104,Casado,Pagador Médio,Pagador Médio
Cliente_14,Masculino,Médico,1867,Divorciado,Pagador Médio,Bom Pagador
Cliente_15,Masculino,Professor,3595,Solteiro,Pagador Médio,Pagador Médio
Cliente_16,Feminino,Designer,4139,Casado,Pagador Médio,Pagador Médio
Cliente_17,Feminino,Vendedor,9899,Divorciado,Pagador Médio,Pagador Médio
Cliente_18,Feminino,Programador,95008,Solteiro,Pagador Médio,Pagador Médio
Cliente_19,Feminino,Vendedor,4225,Solteiro,Pagador Médio,Bom Pagador
Cliente_20,Masculino,Administrador,4449,Divorciado,Pagador Médio,Bom Pagador
Cliente_21,Feminino,Médico,8142,Divorciado,Pagador Médio,Bom Pagador
Cliente_22,Feminino,Vendedor,10734,Solteiro,Pagador Médio,Pagador Médio
Cliente_23,Masculino,Engenheiro,13289,Solteiro,Pagador Médio,Pagador Médio
Cliente_24,Masculino,Vendedor,14956,Solteiro,Pagador Médio,Bom Pagador
Cliente_25,Feminino,Médico,2904,Divorciado,Pagador Médio,Pagador Médio
Cliente_26,Feminino,Médico,11437,Solteiro,Pagador Médio,Bom Pagador
Cliente_27,Feminino,Programador,9391,Casado,Pagador Médio,Bom Pagador
Cliente_28,Feminino,Professor,8230,Solteiro,Pagador Médio,Bom Pagador
Cliente_29,Feminino,Professor,14518,Casado,Pagador Médio,Pagador Médio
Cliente_30,Feminino,Professor,14074,Divorciado,Pagador Médio,Pagador Médio
Cliente_31,Feminino,Designer,12307,Solteiro,Pagador Médio,Bom Pagador
Cliente_32,Masculino,Professor,4247,Divorciado,Pagador Médio,Bom Pagador
Cliente_33,Feminino,Designer,7114,Solteiro,Pagador Médio,Pagador Médio
Cliente_34,Feminino,Vendedor,11273,Solteiro,Pagador Médio,Bom Pagador
Cliente_35,Masculino,Programador,5265,Solteiro,Pagador Médio,Bom Pagador
Cliente_36,Masculino,Médico,3666,Casado,Pagador Médio,Pagador Médio
Cliente_37,Feminino,Designer,4815,Divorciado,Pagador Médio,Pagador Médio
Cliente_38,Feminino,Vendedor,9763,Divorciado,Pagador Médio,Bom Pagador
Cliente_39,Feminino,Programador,3950,Solteiro,Pagador Médio,Pagador Médio
Cliente_40,Feminino,Designer,4406,Solteiro,Pagador Médio,Pagador Médio
Cliente_41,Masculino,Administrador,11572,Solteiro,Pagador Médio,Bom Pagador
Cliente_42,Feminino,Programador,14342,Casado,Pagador Médio,Bom Pagador
Cliente_43,Feminino,Administrador,13827,Casado,Pagador Médio,Bom Pagador
Cliente_44,Masculino,Vendedor,9401,Divorciado,Pagador Médio,Pagador Médio
Cliente_45,Masculino,Administrador,11387,Divorciado,Pagador Médio,Bom Pagador
Cliente_46,Feminino,Professor,1519,Casado,Pagador Médio,Pagador Médio
Cliente_47,Feminino,Administrador,14195,Casado,Pagador Médio,Pagador Médio
Cliente_48,Masculino,Professor,8569,Solteiro,Bom Pagador,Bom Pagador
Cliente_49,Feminino,Vendedor,7568,Divorciado,Pagador Médio,Bom Pagador
Cliente_50,Masculino,Administrador,12930,Divorciado,Pagador Médio,Bom Pagador
Cliente_51,Masculino,Programador,5259,Divorciado,Pagador Médio,Bom Pagador
Cliente_52,Feminino,Administrador,9399,Solteiro,Pagador Médio,Bom Pagador
Cliente_53,Masculino,Administrador,7746,Casado,Pagador Médio,Bom Pagador
Cliente_54,Masculino,Engenheiro,14682,Solteiro,Pagador Médio,Bom Pagador
Cliente_55,Masculino,Programador,13977,Solteiro,Pagador Médio,Pagador Médio
Cliente_56,Feminino,Designer,10939,Divorciado,Pagador Médio,Bom Pagador
Cliente_57,Feminino,Programador,37548,Solteiro,Pagador Médio,Pagador Médio
Cliente_58,Masculino,Vendedor,14047,Casado,Pagador Médio,Bom Pagador
Cliente_59,Feminino,Médico,2873,Solteiro,Pagador Médio,Bom Pagador
Cliente_60,Masculino,Engenheiro,10408,Solteiro,Pagador Médio,Pagador Médio
Cliente_61,Masculino,Programador,4596,Casado,Pagador Médio,Pagador Médio
Cliente_62,Feminino,Engenheiro,20932,Solteiro,Pagador Médio,Bom Pagador
Cliente_63,Feminino,Engenheiro,3430,Casado,Pagador Médio,Pagador Médio
Cliente_64,Feminino,Administrador,7644,Solteiro,Pagador Médio,Bom Pagador
Cliente_65,Masculino,Programador,12768,Divorciado,Pagador Médio,Pagador Médio
Cliente_66,Masculino,Programador,8198,Casado,Pagador Médio,Pagador Médio
Cliente_67,Masculino,Professor,4035,Divorciado,Pagador Médio,Pagador Médio
Cliente_68,Feminino,Programador,11090,Solteiro,Pagador Médio,Pagador Médio
Cliente_69,Feminino,Programador,10283,Casado,Pagador Médio,Bom Pagador
Cliente_70,Masculino,Professor,7490,Solteiro,Pagador Médio,Pagador Médio
Cliente_71,Feminino,Professor,12651,Divorciado,Pagador Médio,Pagador Médio
Cliente_72,Feminino,Médico,4837,Solteiro,Pagador Médio,Pagador Médio
Cliente_73,Feminino,Administrador,14341,Solteiro,Pagador Médio,Bom Pagador
Cliente_74,Feminino,Programador,4428,Solteiro,Pagador Médio,Bom Pagador
Cliente_75,Masculino,Designer,10591,Divorciado,Pagador Médio,Bom Pagador
Cliente_76,Feminino,Engenheiro,6524,Divorciado,Pagador Médio,Pagador Médio
Cliente_77,Masculino,Vendedor,14184,Casado,Pagador Médio,Pagador Médio
Cliente_78,Masculino,Professor,13555,Solteiro,Pagador Médio,Pagador Médio
Cliente_79,Masculino,Vendedor,12301,Solteiro,Pagador Médio,Pagador Médio
Cliente_80,Feminino,Programador,5264,Casado,Pagador Médio,Bom Pagador
Cliente_81,Feminino,Designer,12957,Solteiro,Pagador Médio,Pagador Médio
Cliente_82,Masculino,Engenheiro,3142,Solteiro,Pagador Médio,Bom Pagador
Cliente_83,Feminino,Programador,8062,Solteiro,Pagador Médio,Pagador Médio
Cliente_84,Masculino,Designer,14621,Solteiro,Pagador Médio,Bom Pagador
Cliente_85,Feminino,Administrador,12920,Solteiro,Pagador Médio,Bom Pagador
Cliente_86,Masculino,Engenheiro,2352,Divorciado,Pagador Médio,Bom Pagador
Cliente_87,Feminino,Designer,11918,Divorciado,Pagador Médio,Pagador Médio
Cliente_88,Feminino,Professor,31939,Divorciado,Pagador Médio,Bom Pagador
Cliente_89,Feminino,Programador,9227,Casado,Pagador Médio,Bom Pagador
Cliente_90,Feminino,Designer,8633,Casado,Pagador Médio,Bom Pagador
Cliente_91,Feminino,Designer,54483,Divorciado,Pagador Médio,Bom Pagador
Cliente_92,Masculino,Programador,2811,Casado,Pagador Médio,Pagador Médio
Cliente_93,Masculino,Engenheiro,13370,Divorciado,Pagador Médio,Pagador Médio
Cliente_94,Feminino,Programador,8064,Solteiro,Pagador Médio,Bom Pagador
Cliente_95,Masculino,Designer,10036,Solteiro,Pagador Médio,Bom Pagador
Cliente_96,Feminino,Vendedor,11288,Solteiro,Pagador Médio,Bom Pagador
Cliente_97,Masculino,Administrador,42973,Divorciado,Pagador Médio,Pagador Médio
Cliente_98,Masculino,Médico,8692,Casado,Pagador Médio,Pagador Médio
Cliente_99,Feminino,Vendedor,87915,Divorciado,Pagador Médio,Bom Pagador
Cliente_100,Feminino,Engenheiro,2050,Casado,Pagador Médio,Pagador Médio
Cliente_101,Feminino,Designer,9864,Casado,Pagador Médio,Pagador Médio
Cliente_102,Masculino,Médico,5295,Solteiro,Pagador Médio,Bom Pagador
Cliente_103,Masculino,Administrador,12543,Solteiro,Pagador Médio,Bom Pagador
Cliente_104,Masculino,Engenheiro,51359,Divorciado,Pagador Médio,Pagador Médio
Cliente_105,Masculino,Vendedor,4079,Divorciado,Pagador Médio,Bom Pagador
Cliente_106,Feminino,Professor,56167,Solteiro,Pagador Médio,Pagador Médio
Cliente_107,Feminino,Programador,7285,Divorciado,Pagador Médio,Bom Pagador
Cliente_108,Masculino,Engenheiro,8142,Solteiro,Pagador Médio,Pagador Médio
Cliente_109,Masculino,Engenheiro,9982,Divorciado,Pagador Médio,Bom Pagador
Cliente_110,Masculino,Designer,28993,Casado,Pagador Médio,Bom Pagador
Cliente_111,Masculino,Médico,10504,Divorciado,Pagador Médio,Pagador Médio
Cliente_112,Feminino,Vendedor,10660,Solteiro,Pagador Médio,Bom Pagador
Cliente_113,Feminino,Engenheiro,7203,Divorciado,Pagador Médio,Pagador Médio
Cliente_114,Feminino,Programador,14861,Casado,Pagador Médio,Bom Pagador
Cliente_115,Feminino,Engenheiro,11434,Casado,Pagador Médio,Bom Pagador
Cliente_116,Masculino,Engenheiro,8950,Casado,Pagador Médio,Bom Pagador
Cliente_117,Feminino,Designer,10919,Solteiro,Bom Pagador,Bom Pagador
Cliente_118,Masculino,Engenheiro,42942,Divorciado,Pagador Médio,Pagador Médio
Cliente_119,Feminino,Médico,3244,Solteiro,Pagador Médio,Pagador Médio
Cliente_120,Feminino,Designer,9743,Solteiro,Pagador Médio,Bom Pagador
Cliente_121,Feminino,Professor,3417,Solteiro,Pagador Médio,Bom Pagador
Cliente_122,Masculino,Administrador,5722,Divorciado,Pagador Médio,Bom Pagador
Cliente_123,Feminino,Professor,14822,Solteiro,Pagador Médio,Pagador Médio
Cliente_124,Masculino,Administrador,5598,Divorciado,Pagador Médio,Bom Pagador
Cliente_125,Feminino,Vendedor,7678,Casado,Pagador Médio,Pagador Médio
Cliente_126,Feminino,Vendedor,14115,Divorciado,Pagador Médio,Pagador Médio
Cliente_127,Masculino,Vendedor,7065,Divorciado,Pagador Médio,Bom Pagador
Cliente_128,Feminino,Designer,9017,Solteiro,Pagador Médio,Bom Pagador
Cliente_129,Masculino,Médico,11114,Casado,Pagador Médio,Bom Pagador
Cliente_130,Feminino,Designer,9396,Divorciado,Pagador Médio,Bom Pagador
Cliente_131,Feminino,Designer,2606,Divorciado,Pagador Médio,Pagador Médio
Cliente_132,Masculino,Administrador,14421,Solteiro,Pagador Médio,Pagador Médio
Cliente_133,Feminino,Designer,12590,Casado,Pagador Médio,Pagador Médio
Cliente_134,Feminino,Designer,14609,Solteiro,Pagador Médio,Bom Pagador
Cliente_135,Masculino,Engenheiro,7285,Solteiro,Pagador Médio,Pagador Médio
Cliente_136,Masculino,Vendedor,1659,Solteiro,Pagador Médio,Bom Pagador
Cliente_137,Feminino,Vendedor,5814,Solteiro,Pagador Médio,Bom Pagador
Cliente_138,Masculino,Administrador,3023,Divorciado,Pagador Médio,Pagador Médio
Cliente_139,Masculino,Programador,13768,Casado,Pagador Médio,Pagador Médio
Cliente_140,Masculino,Professor,2745,Casado,Pagador Médio,Pagador Médio
Cliente_141,Masculino,Vendedor,4424,Solteiro,Pagador Médio,Pagador Médio
Cliente_142,Feminino,Administrador,7292,Solteiro,Pagador Médio,Bom Pagador
Cliente_143,Masculino,Médico,10899,Divorciado,Pagador Médio,Pagador Médio
Cliente_144,Masculino,Engenheiro,13725,Solteiro,Pagador Médio,Bom Pagador
Cliente_145,Masculino,Professor,4615,Solteiro,Pagador Médio,Pagador Médio
Cliente_146,Masculino,Programador,4771,Divorciado,Pagador Médio,Pagador Médio
Cliente_147,Masculino,Designer,5465,Casado,Pagador Médio,Bom Pagador
Cliente_148,Masculino,Programador,4887,Casado,Pagador Médio,Bom Pagador
Cliente_149,Masculino,Professor,5591,Solteiro,Pagador Médio,Bom Pagador
Cliente_150,Feminino,Vendedor,7333,Casado,Pagador Médio,Bom Pagador
Cliente_151,Masculino,Professor,3247,Casado,Pagador Médio,Bom Pagador
Cliente_152,Masculino,Administrador,2785,Casado,Pagador Médio,Bom Pagador
Cliente_153,Feminino,Engenheiro,12369,Divorciado,Pagador Médio,Bom Pagador
Cliente_154,Masculino,Administrador,1608,Casado,Pagador Médio,Pagador Médio
Cliente_155,Masculino,Engenheiro,10371,Solteiro,Pagador Médio,Pagador Médio
Cliente_156,Feminino,Médico,9401,Solteiro,Pagador Médio,Pagador Médio
Cliente_157,Masculino,Designer,6667,Divorciado,Pagador Médio,Pagador Médio
Cliente_158,Masculino,Vendedor,10912,Solteiro,Pagador Médio,Pagador Médio
Cliente_159,Masculino,Vendedor,9541,Divorciado,Pagador Médio,Bom Pagador
Cliente_160,Masculino,Programador,14021,Solteiro,Pagador Médio,Bom Pagador
Cliente_161,Masculino,Designer,6091,Solteiro,Pagador Médio,Bom Pagador
Cliente_162,Feminino,Programador,13790,Solteiro,Pagador Médio,Bom Pagador
Cliente_163,Masculino,Designer,2387,Casado,Pagador Médio,Bom Pagador
Cliente_164,Feminino,Administrador,8433,Divorciado,Pagador Médio,Bom Pagador
Cliente_165,Masculino,Professor,10359,Solteiro,Pagador Médio,Pagador Médio
Cliente_166,Masculino,Professor,65519,Solteiro,Pagador Médio,Pagador Médio
Cliente_167,Feminino,Designer,12744,Solteiro,Pagador Médio,Pagador Médio
Cliente_168,Masculino,Médico,8990,Divorciado,Pagador Médio,Pagador Médio
Cliente_169,Masculino,Professor,12940,Casado,Pagador Médio,Bom Pagador
Cliente_170,Feminino,Médico,6671,Divorciado,Pagador Médio,Bom Pagador
Cliente_171,Masculino,Professor,1693,Divorciado,Pagador Médio,Pagador Médio
Cliente_172,Masculino,Vendedor,7716,Casado,Pagador Médio,Pagador Médio
Cliente_173,Feminino,Administrador,6831,Casado,Pagador Médio,Pagador Médio
Cliente_174,Feminino,Engenheiro,5754,Solteiro,Pagador Médio,Pagador Médio
Cliente_175,Feminino,Engenheiro,5806,Divorciado,Pagador Médio,Pagador Médio
Cliente_176,Masculino,Administrador,9222,Divorciado,Pagador Médio,Bom Pagador
Cliente_177,Feminino,Vendedor,7121,Casado,Pagador Médio,Bom Pagador
Cliente_178,Masculino,Designer,9671,Solteiro,Pagador Médio,Bom Pagador
Cliente_179,Masculino,Programador,8366,Solteiro,Bom Pagador,Bom Pagador
Cliente_180,Feminino,Administrador,7599,Casado,Pagador Médio,Bom Pagador
Cliente_181,Feminino,Engenheiro,8063,Solteiro,Pagador Médio,Pagador Médio
Cliente_182,Masculino,Professor,4447,Solteiro,Pagador Médio,Pagador Médio
Cliente_183,Masculino,Professor,10935,Solteiro,Pagador Médio,Bom Pagador
Cliente_184,Feminino,Engenheiro,14839,Divorciado,Pagador Médio,Bom Pagador
Cliente_185,Feminino,Engenheiro,55382,Casado,Pagador Médio,Bom Pagador
Cliente_186,Feminino,Programador,10598,Solteiro,Pagador Médio,Bom Pagador
Cliente_187,Masculino,Engenheiro,7740,Casado,Pagador Médio,Pagador Médio
Cliente_188,Feminino,Designer,14607,Solteiro,Pagador Médio,Bom Pagador
Cliente_189,Feminino,Programador,3950,Solteiro,Pagador Médio,Pagador Médio
Cliente_190,Masculino,Vendedor,1659,Casado,Pagador Médio,Pagador Médio
Cliente_191,Masculino,Vendedor,9685,Divorciado,Pagador Médio,Pagador Médio
Cliente_192,Feminino,Administrador,11832,Casado,Pagador Médio,Pagador Médio
Cliente_193,Masculino,Engenheiro,13305,Solteiro,Pagador Médio,Pagador Médio
Cliente_194,Masculino,Professor,9472,Casado,Pagador Médio,Pagador Médio
Cliente_195,Masculino,Vendedor,10710,Solteiro,Pagador Médio,Pagador Médio
Cliente_196,Feminino,Engenheiro,2281,Solteiro,Pagador Médio,Bom Pagador
Cliente_197,Feminino,Designer,12813,Divorciado,Pagador Médio,Bom Pagador
Cliente_198,Feminino,Designer,5030,Casado,Pagador Médio,Pagador Médio
Cliente_199,Feminino,Professor,9307,Solteiro,Pagador Médio,Bom Pagador
Cliente_200,Feminino,Programador,3077,Casado,Pagador Médio,Pagador Médio
Cliente_201,Feminino,Professor,6983,Casado,Pagador Médio,Bom Pagador
Cliente_202,Masculino,Administrador,7403,Solteiro,Pagador Médio,Bom Pagador
Cliente_203,Masculino,Administrador,14771,Casado,Pagador Médio,Bom Pagador
Cliente_204,Masculino,Administrador,1824,Divorciado,Pagador Médio,Bom Pagador
Cliente_205,Feminino,Engenheiro,7252,Solteiro,Pagador Médio,Pagador Médio
Cliente_206,Feminino,Professor,11421,Divorciado,Pagador Médio,Bom Pagador
Cliente_207,Masculino,Programador,10935,Casado,Pagador Médio,Bom Pagador
Cliente_208,Feminino,Médico,10321,Casado,Pagador Médio,Pagador Médio
Cliente_209,Feminino,Professor,14284,Solteiro,Pagador Médio,Pagador Médio
Cliente_210,Feminino,Administrador,6826,Casado,Pagador Médio,Pagador Médio
Cliente_211,Feminino,Vendedor,9487,Solteiro,Pagador Médio,Bom Pagador
Cliente_212,Feminino,Programador,8822,Solteiro,Pagador Médio,Pagador Médio
Cliente_213,Masculino,Médico,7743,Divorciado,Pagador Médio,Bom Pagador
Cliente_214,Feminino,Programador,9098,Divorciado,Pagador Médio,Bom Pagador
Cliente_215,Feminino,Programador,3873,Solteiro,Pagador Médio,Pagador Médio
Cliente_216,Feminino,Administrador,11995,Casado,Pagador Médio,Bom Pagador
Cliente_217,Feminino,Vendedor,7027,Solteiro,Pagador Médio,Bom Pagador
Cliente_218,Feminino,Administrador,11532,Solteiro,Pagador Médio,Pagador Médio
Cliente_219,Masculino,Médico,2668,Casado,Pagador Médio,Bom Pagador
Cliente_220,Feminino,Professor,65039,Casado,Pagador Médio,Bom Pagador
Cliente_221,Masculino,Médico,6691,Casado,Bom Pagador,Bom Pagador
Cliente_222,Masculino,Professor,13139,Solteiro,Pagador Médio,Pagador Médio
Cliente_223,Masculino,Vendedor,12061,Casado,Pagador Médio,Pagador Médio
Cliente_224,Masculino,Programador,8789,Solteiro,Pagador Médio,Bom Pagador
Cliente_225,Feminino,Professor,7450,Casado,Pagador Médio,Pagador Médio
Cliente_226,Masculino,Designer,10035,Divorciado,Pagador Médio,Bom Pagador
Cliente_227,Feminino,Médico,8282,Solteiro,Pagador Médio,Bom Pagador
Cliente_228,Masculino,Médico,1878,Divorciado,Pagador Médio,Bom Pagador
Cliente_229,Masculino,Engenheiro,5344,Divorciado,Pagador Médio,Bom Pagador
Cliente_230,Feminino,Programador,13687,Solteiro,Pagador Médio,Pagador Médio
Cliente_231,Masculino,Programador,2811,Divorciado,Pagador Médio,Bom Pagador
Cliente_232,Feminino,Vendedor,8005,Divorciado,Pagador Médio,Bom Pagador
Cliente_233,Feminino,Professor,2545,Solteiro,Pagador Médio,Pagador Médio
Cliente_234,Feminino,Vendedor,9252,Solteiro,Pagador Médio,Bom Pagador
Cliente_235,Masculino,Vendedor,1931,Casado,Pagador Médio,Pagador Médio
Cliente_236,Feminino,Designer,10084,Divorciado,Bom Pagador,Bom Pagador
Cliente_237,Feminino,Programador,2863,Casado,Bom Pagador,Bom Pagador
Cliente_238,Feminino,Designer,11626,Solteiro,Pagador Médio,Bom Pagador
Cliente_239,Masculino,Engenheiro,12228,Divorciado,Pagador Médio,Bom Pagador
Cliente_240,Masculino,Médico,7887,Casado,Pagador Médio,Bom Pagador
Cliente_241,Masculino,Vendedor,5553,Casado,Pagador Médio,Pagador Médio
Cliente_242,Feminino,Vendedor,8760,Casado,Pagador Médio,Bom Pagador
Cliente_243,Masculino,Designer,3650,Solteiro,Pagador Médio,Bom Pagador
Cliente_244,Masculino,Administrador,4295,Divorciado,Pagador Médio,Bom Pagador
Cliente_245,Feminino,Programador,66771,Casado,Pagador Médio,Pagador Médio
Cliente_246,Feminino,Médico,6828,Divorciado,Pagador Médio,Bom Pagador
Cliente_247,Masculino,Vendedor,9154,Solteiro,Pagador Médio,Pagador Médio
Cliente_248,Feminino,Designer,10356,Solteiro,Pagador Médio,Bom Pagador
Cliente_249,Masculino,Designer,10487,Casado,Pagador Médio,Pagador Médio
Cliente_250,Feminino,Professor,12929,Casado,Pagador Médio,Pagador Médio
Cliente_251,Masculino,Médico,11180,Divorciado,Pagador Médio,Bom Pagador
Cliente_252,Feminino,Designer,11839,Solteiro,Pagador Médio,Pagador Médio
Cliente_253,Masculino,Professor,10740,Divorciado,Pagador Médio,Pagador Médio
Cliente_254,Masculino,Administrador,11982,Solteiro,Pagador Médio,Bom Pagador
Cliente_255,Feminino,Programador,6573,Divorciado,Pagador Médio,Pagador Médio
Cliente_256,Feminino,Designer,9391,Solteiro,Pagador Médio,Bom Pagador
Cliente_257,Feminino,Professor,14684,Casado,Pagador Médio,Bom Pagador
Cliente_258,Feminino,Administrador,60352,Solteiro,Pagador Médio,Bom Pagador
Cliente_259,Masculino,Professor,5756,Solteiro,Pagador Médio,Bom Pagador
Cliente_260,Masculino,Médico,1672,Casado,Pagador Médio,Bom Pagador
Cliente_261,Masculino,Administrador,37865,Divorciado,Pagador Médio,Bom Pagador
Cliente_262,Feminino,Vendedor,9187,Divorciado,Pagador Médio,Pagador Médio
Cliente_263,Masculino,Professor,12768,Solteiro,Pagador Médio,Pagador Médio
Cliente_264,Masculino,Administrador,13877,Casado,Pagador Médio,Pagador Médio
Cliente_265,Masculino,Designer,1649,Divorciado,Pagador Médio,Pagador Médio
Cliente_266,Masculino,Engenheiro,14573,Casado,Pagador Médio,Bom Pagador
Cliente_267,Masculino,Programador,5288,Casado,Pagador Médio,Bom Pagador
Cliente_268,Feminino,Designer,10481,Divorciado,Bom Pagador,Bom Pagador
Cliente_269,Feminino,Designer,8245,Solteiro,Pagador Médio,Pagador Médio
Cliente_270,Feminino,Programador,8661,Casado,Pagador Médio,Bom Pagador
Cliente_271,Feminino,Programador,4175,Casado,Pagador Médio,Pagador Médio
Cliente_272,Masculino,Professor,12083,Solteiro,Pagador Médio,Bom Pagador
Cliente_273,Feminino,Designer,7699,Solteiro,Pagador Médio,Bom Pagador
Cliente_274,Feminino,Professor,2797,Divorciado,Pagador Médio,Pagador Médio
Cliente_275,Feminino,Médico,5424,Solteiro,Pagador Médio,Bom Pagador
Cliente_276,Masculino,Professor,14606,Divorciado,Pagador Médio,Pagador Médio
Cliente_277,Masculino,Médico,14731,Divorciado,Pagador Médio,Bom Pagador
Cliente_278,Masculino,Vendedor,5954,Casado,Pagador Médio,Bom Pagador
Cliente_279,Masculino,Engenheiro,13672,Solteiro,Pagador Médio,Pagador Médio
Cliente_280,Masculino,Designer,5904,Solteiro,Pagador Médio,Bom Pagador
Cliente_281,Masculino,Administrador,2621,Casado,Pagador Médio,Bom Pagador
Cliente_282,Feminino,Médico,6244,Casado,Pagador Médio,Pagador Médio
Cliente_283,Feminino,Engenheiro,8960,Solteiro,Pagador Médio,Pagador Médio
Cliente_284,Feminino,Programador,5958,Divorciado,Pagador Médio,Pagador Médio
Cliente_285,Feminino,Vendedor,9560,Solteiro,Pagador Médio,Pagador Médio
Cliente_286,Feminino,Administrador,1817,Solteiro,Pagador Médio,Bom Pagador
Cliente_287,Feminino,Professor,10264,Casado,Pagador Médio,Pagador Médio
Cliente_288,Feminino,Engenheiro,33405,Divorciado,Pagador Médio,Pagador Médio
Cliente_289,Masculino,Médico,3548,Casado,Pagador Médio,Pagador Médio
Cliente_290,Masculino,Designer,13412,Solteiro,Pagador Médio,Pagador Médio
Cliente_291,Feminino,Vendedor,31822,Divorciado,Pagador Médio,Pagador Médio
Cliente_292,Feminino,Programador,9586,Casado,Pagador Médio,Pagador Médio
Cliente_293,Masculino,Programador,8385,Divorciado,Pagador Médio,Pagador Médio
Cliente_294,Feminino,Engenheiro,14598,Divorciado,Pagador Médio,Bom Pagador
Cliente_295,Feminino,Administrador,7584,Divorciado,Pagador Médio,Bom Pagador
Cliente_296,Feminino,Engenheiro,14466,Solteiro,Pagador Médio,Bom Pagador
Cliente_297,Masculino,Professor,30515,Casado,Pagador Médio,Bom Pagador
Cliente_298,Masculino,Administrador,3893,Casado,Pagador Médio,Pagador Médio
Cliente_299,Feminino,Administrador,71435,Solteiro,Pagador Médio,Bom Pagador
Cliente_300,Masculino,Programador,81623,Divorciado,Pagador Médio,Pagador Médio
Cliente_301,Masculino,Vendedor,5597,Casado,Pagador Médio,Bom Pagador
Cliente_302,Masculino,Vendedor,1706,Solteiro,Pagador Médio,Pagador Médio
Cliente_303,Feminino,Programador,14085,Casado,Pagador Médio,Pagador Médio
Cliente_304,Masculino,Professor,7804,Divorciado,Pagador Médio,Pagador Médio
Cliente_305,Masculino,Designer,8757,Casado,Pagador Médio,Bom Pagador
Cliente_306,Feminino,Professor,2049,Divorciado,Pagador Médio,Pagador Médio
Cliente_307,Feminino,Administrador,13547,Divorciado,Pagador Médio,Pagador Médio
Cliente_308,Feminino,Médico,10038,Solteiro,Pagador Médio,Bom Pagador
Cliente_309,Masculino,Médico,4915,Divorciado,Bom Pagador,Bom Pagador
Cliente_310,Masculino,Engenheiro,12664,Solteiro,Pagador Médio,Bom Pagador
Cliente_311,Feminino,Professor,6793,Casado,Pagador Médio,Pagador Médio
Cliente_312,Feminino,Professor,13431,Divorciado,Pagador Médio,Pagador Médio
Cliente_313,Masculino,Vendedor,92034,Casado,Pagador Médio,Pagador Médio
Cliente_314,Masculino,Engenheiro,5650,Divorciado,Pagador Médio,Bom Pagador
Cliente_315,Feminino,Vendedor,6395,Solteiro,Pagador Médio,Bom Pagador
Cliente_316,Masculino,Administrador,2353,Casado,Pagador Médio,Pagador Médio
Cliente_317,Feminino,Designer,5068,Casado,Pagador Médio,Pagador Médio
Cliente_318,Masculino,Professor,5366,Casado,Pagador Médio,Pagador Médio
Cliente_319,Feminino,Vendedor,6816,Divorciado,Pagador Médio,Pagador Médio
Cliente_320,Masculino,Programador,56188,Divorciado,Pagador Médio,Pagador Médio
Cliente_321,Feminino,Vendedor,7984,Divorciado,Pagador Médio,Pagador Médio
Cliente_322,Masculino,Professor,1646,Divorciado,Pagador Médio,Pagador Médio
Cliente_323,Feminino,Designer,11020,Solteiro,Pagador Médio,Pagador Médio
Cliente_324,Masculino,Professor,9286,Divorciado,Pagador Médio,Pagador Médio
Cliente_325,Feminino,Programador,4039,Solteiro,Pagador Médio,Pagador Médio
Cliente_326,Feminino,Médico,2966,Divorciado,Pagador Médio,Pagador Médio
Cliente_327,Feminino,Administrador,9690,Casado,Pagador Médio,Pagador Médio
Cliente_328,Feminino,Médico,64357,Divorciado,Pagador Médio,Bom Pagador
Cliente_329,Feminino,Designer,13944,Solteiro,Pagador Médio,Bom Pagador
Cliente_330,Masculino,Designer,2479,Divorciado,Pagador Médio,Pagador Médio
Cliente_331,Feminino,Programador,4021,Divorciado,Pagador Médio,Bom Pagador
Cliente_332,Masculino,Vendedor,14467,Casado,Pagador Médio,Pagador Médio
Cliente_333,Feminino,Médico,9492,Solteiro,Bom Pagador,Bom Pagador
Cliente_334,Masculino,Médico,10648,Solteiro,Pagador Médio,Pagador Médio
Cliente_335,Feminino,Médico,13897,Casado,Pagador Médio,Bom Pagador
Cliente_336,Feminino,Médico,8687,Casado,Pagador Médio,Pagador Médio
Cliente_337,Masculino,Programador,1849,Casado,Pagador Médio,Bom Pagador
Cliente_338,Feminino,Designer,7368,Divorciado,Pagador Médio,Pagador Médio
Cliente_339,Masculino,Designer,5607,Solteiro,Pagador Médio,Bom Pagador
Cliente_340,Masculino,Engenheiro,9451,Casado,Pagador Médio,Bom Pagador
Cliente_341,Feminino,Administrador,10659,Casado,Pagador Médio,Bom Pagador
Cliente_342,Feminino,Vendedor,12920,Solteiro,Pagador Médio,Bom Pagador
Cliente_343,Masculino,Designer,10784,Divorciado,Pagador Médio,Pagador Médio
Cliente_344,Feminino,Administrador,7196,Divorciado,Pagador Médio,Bom Pagador
Cliente_345,Feminino,Administrador,9174,Divorciado,Pagador Médio,Bom Pagador
Cliente_346,Feminino,Médico,11308,Solteiro,Pagador Médio,Pagador Médio
Cliente_347,Masculino,Professor,10585,Divorciado,Pagador Médio,Bom Pagador
Cliente_348,Feminino,Médico,10202,Divorciado,Pagador Médio,Pagador Médio
Cliente_349,Masculino,Médico,6344,Solteiro,Pagador Médio,Pagador Médio
Cliente_350,Masculino,Designer,10373,Solteiro,Pagador Médio,Pagador Médio
Cliente_351,Masculino,Engenheiro,1511,Casado,Pagador Médio,Pagador Médio
Cliente_352,Masculino,Programador,9789,Solteiro,Bom Pagador,Bom Pagador
Cliente_353,Feminino,Administrador,4539,Divorciado,Pagador Médio,Bom Pagador
Cliente_354,Feminino,Professor,11653,Solteiro,Pagador Médio,Pagador Médio
Cliente_355,Masculino,Vendedor,14214,Divorciado,Pagador Médio,Bom Pagador
Cliente_356,Masculino,Professor,6754,Casado,Pagador Médio,Pagador Médio
Cliente_357,Masculino,Engenheiro,12285,Divorciado,Pagador Médio,Pagador Médio
Cliente_358,Masculino,Médico,14919,Divorciado,Pagador Médio,Pagador Médio
Cliente_359,Feminino,Programador,10086,Divorciado,Pagador Médio,Pagador Médio
Cliente_360,Masculino,Programador,14045,Solteiro,Pagador Médio,Pagador Médio
Cliente_361,Masculino,Programador,11544,Divorciado,Pagador Médio,Bom Pagador
Cliente_362,Masculino,Vendedor,8214,Solteiro,Pagador Médio,Pagador Médio
Cliente_363,Masculino,Designer,3309,Casado,Bom Pagador,Bom Pagador
Cliente_364,Masculino,Médico,28739,Casado,Pagador Médio,Pagador Médio
Cliente_365,Feminino,Professor,37009,Casado,Pagador Médio,Bom Pagador
Cliente_366,Feminino,Professor,2012,Divorciado,Pagador Médio,Bom Pagador
Cliente_367,Feminino,Médico,9452,Divorciado,Pagador Médio,Bom Pagador
Cliente_368,Feminino,Professor,2021,Casado,Pagador Médio,Pagador Médio
Cliente_369,Feminino,Designer,7866,Casado,Bom Pagador,Bom Pagador
Cliente_370,Masculino,Programador,10115,Solteiro,Pagador Médio,Pagador Médio
Cliente_371,Feminino,Administrador,11171,Solteiro,Pagador Médio,Pagador Médio
Cliente_372,Masculino,Professor,7502,Casado,Pagador Médio,Pagador Médio
Cliente_373,Feminino,Designer,13261,Casado,Pagador Médio,Bom Pagador
Cliente_374,Feminino,Programador,47359,Casado,Pagador Médio,Pagador Médio
Cliente_375,Feminino,Vendedor,2810,Casado,Pagador Médio,Bom Pagador
Cliente_376,Feminino,Vendedor,11968,Divorciado,Pagador Médio,Pagador Médio
Cliente_377,Masculino,Médico,93140,Divorciado,Pagador Médio,Pagador Médio
Cliente_378,Feminino,Médico,8314,Solteiro,Pagador Médio,Bom Pagador
Cliente_379,Masculino,Administrador,14512,Casado,Pagador Médio,Pagador Médio
Cliente_380,Feminino,Administrador,14994,Divorciado,Pagador Médio,Pagador Médio
Cliente_381,Feminino,Designer,10167,Divorciado,Pagador Médio,Bom Pagador
Cliente_382,Feminino,Vendedor,29225,Divorciado,Pagador Médio,Pagador Médio
Cliente_383,Masculino,Vendedor,2776,Divorciado,Pagador Médio,Bom Pagador
Cliente_384,Masculino,Vendedor,10011,Casado,Bom Pagador,Bom Pagador
Cliente_385,Feminino,Designer,50279,Casado,Pagador Médio,Pagador Médio
Cliente_386,Feminino,Designer,4604,Divorciado,Pagador Médio,Bom Pagador
Cliente_387,Masculino,Professor,12262,Casado,Pagador Médio,Pagador Médio
Cliente_388,Masculino,Vendedor,11745,Divorciado,Pagador Médio,Pagador Médio
Cliente_389,Feminino,Administrador,10649,Divorciado,Pagador Médio,Pagador Médio
Cliente_390,Feminino,Médico,8302,Solteiro,Bom Pagador,Bom Pagador
Cliente_391,Masculino,Professor,14054,Solteiro,Pagador Médio,Pagador Médio
Cliente_392,Feminino,Professor,7364,Casado,Pagador Médio,Pagador Médio
Cliente_393,Masculino,Vendedor,13010,Solteiro,Pagador Médio,Pagador Médio
Cliente_394,Feminino,Programador,3205,Solteiro,Pagador Médio,Pagador Médio
Cliente_395,Feminino,Designer,4455,Casado,Pagador Médio,Pagador Médio
Cliente_396,Masculino,Professor,9768,Solteiro,Pagador Médio,Bom Pagador
Cliente_397,Masculino,Programador,4091,Casado,Pagador Médio,Bom Pagador
Cliente_398,Feminino,Vendedor,11329,Solteiro,Pagador Médio,Bom Pagador
Cliente_399,Masculino,Engenheiro,7272,Solteiro,Bom Pagador,Bom Pagador
Cliente_400,Feminino,Programador,10512,Solteiro,Pagador Médio,Pagador Médio
Cliente_401,Masculino,Engenheiro,6819,Casado,Pagador Médio,Pagador Médio
Cliente_402,Masculino,Administrador,8255,Solteiro,Pagador Médio,Pagador Médio
Cliente_403,Masculino,Administrador,8554,Divorciado,Bom Pagador,Bom Pagador
Cliente_404,Masculino,Engenheiro,6799,Solteiro,Pagador Médio,Pagador Médio
Cliente_405,Feminino,Administrador,10726,Casado,Pagador Médio,Bom Pagador
Cliente_406,Feminino,Vendedor,7645,Solteiro,Pagador Médio,Pagador Médio
Cliente_407,Masculino,Engenheiro,13699,Solteiro,Pagador Médio,Bom Pagador
Cliente_408,Feminino,Administrador,8912,Divorciado,Pagador Médio,Pagador Médio
Cliente_409,Feminino,Engenheiro,8005,Divorciado,Pagador Médio,Bom Pagador
Cliente_410,Feminino,Designer,24543,Solteiro,Pagador Médio,Pagador Médio
Cliente_411,Feminino,Professor,11260,Casado,Pagador Médio,Pagador Médio
Cliente_412,Feminino,Administrador,37705,Casado,Pagador Médio,Pagador Médio
Cliente_413,Feminino,Vendedor,6445,Divorciado,Pagador Médio,Bom Pagador
Cliente_414,Masculino,Professor,49083,Divorciado,Pagador Médio,Bom Pagador
Cliente_415,Feminino,Engenheiro,6659,Solteiro,Pagador Médio,Bom Pagador
Cliente_416,Masculino,Vendedor,56170,Casado,Pagador Médio,Bom Pagador
Cliente_417,Feminino,Professor,9876,Casado,Bom Pagador,Bom Pagador
Cliente_418,Masculino,Engenheiro,10865,Casado,Pagador Médio,Pagador Médio
Cliente_419,Feminino,Professor,2118,Casado,Pagador Médio,Bom Pagador
Cliente_420,Feminino,Programador,4057,Divorciado,Pagador Médio,Bom Pagador
Cliente_421,Feminino,Designer,7514,Divorciado,Pagador Médio,Bom Pagador
Cliente_422,Masculino,Médico,5593,Solteiro,Bom Pagador,Bom Pagador
Cliente_423,Feminino,Engenheiro,14788,Casado,Pagador Médio,Pagador Médio
Cliente_424,Masculino,Programador,10846,Solteiro,Pagador Médio,Pagador Médio
Cliente_425,Masculino,Vendedor,5062,Solteiro,Pagador Médio,Bom Pagador
Cliente_426,Feminino,Vendedor,13355,Solteiro,Pagador Médio,Bom Pagador
Cliente_427,Feminino,Programador,9405,Solteiro,Pagador Médio,Pagador Médio
Cliente_428,Feminino,Designer,12798,Divorciado,Pagador Médio,Bom Pagador
Cliente_429,Masculino,Vendedor,14926,Divorciado,Pagador Médio,Pagador Médio
Cliente_430,Masculino,Designer,11252,Casado,Pagador Médio,Bom Pagador
Cliente_431,Feminino,Engenheiro,2112,Casado,Pagador Médio,Pagador Médio
Cliente_432,Feminino,Engenheiro,10941,Divorciado,Pagador Médio,Bom Pagador
Cliente_433,Feminino,Programador,14281,Casado,Pagador Médio,Bom Pagador
Cliente_434,Masculino,Programador,63829,Divorciado,Pagador Médio,Pagador Médio
Cliente_435,Masculino,Designer,14888,Divorciado,Pagador Médio,Pagador Médio
Cliente_436,Feminino,Engenheiro,3474,Casado,Pagador Médio,Pagador Médio
Cliente_437,Feminino,Engenheiro,5214,Casado,Pagador Médio,Bom Pagador
Cliente_438,Masculino,Programador,11368,Divorciado,Pagador Médio,Bom Pagador
Cliente_439,Feminino,Vendedor,11885,Divorciado,Pagador Médio,Bom Pagador
Cliente_440,Feminino,Médico,7766,Divorciado,Pagador Médio,Pagador Médio
Cliente_441,Masculino,Programador,88731,Divorciado,Pagador Médio,Pagador Médio
Cliente_442,Masculino,Médico,90769,Divorciado,Pagador Médio,Bom Pagador
Cliente_443,Feminino,Engenheiro,6854,Casado,Pagador Médio,Pagador Médio
Cliente_444,Feminino,Programador,5117,Casado,Pagador Médio,Bom Pagador
Cliente_445,Masculino,Administrador,12536,Casado,Pagador Médio,Bom Pagador
Cliente_446,Masculino,Vendedor,7936,Divorciado,Bom Pagador,Bom Pagador
Cliente_447,Masculino,Vendedor,13834,Solteiro,Pagador Médio,Pagador Médio
Cliente_448,Masculino,Designer,9769,Casado,Pagador Médio,Pagador Médio
Cliente_449,Masculino,Administrador,76614,Solteiro,Pagador Médio,Pagador Médio
Cliente_450,Feminino,Professor,7960,Casado,Pagador Médio,Bom Pagador
Cliente_451,Masculino,Engenheiro,7007,Solteiro,Pagador Médio,Pagador Médio
Cliente_452,Masculino,Engenheiro,94899,Casado,Pagador Médio,Bom Pagador
Cliente_453,Feminino,Programador,10480,Casado,Pagador Médio,Pagador Médio
Cliente_454,Masculino,Professor,2893,Casado,Pagador Médio,Pagador Médio
Cliente_455,Feminino,Professor,8618,Solteiro,Pagador Médio,Bom Pagador
Cliente_456,Masculino,Professor,3636,Solteiro,Pagador Médio,Bom Pagador
Cliente_457,Masculino,Programador,9379,Casado,Pagador Médio,Bom Pagador
Cliente_458,Masculino,Programador,9493,Casado,Pagador Médio,Pagador Médio
Cliente_459,Masculino,Médico,10860,Casado,Pagador Médio,Bom Pagador
Cliente_460,Feminino,Administrador,11592,Solteiro,Pagador Médio,Pagador Médio
Cliente_461,Masculino,Médico,10089,Divorciado,Pagador Médio,Bom Pagador
Cliente_462,Feminino,Médico,2673,Solteiro,Pagador Médio,Pagador Médio
Cliente_463,Feminino,Administrador,8546,Divorciado,Pagador Médio,Pagador Médio
Cliente_464,Masculino,Designer,10937,Divorciado,Pagador Médio,Pagador Médio
Cliente_465,Feminino,Engenheiro,74209,Casado,Pagador Médio,Pagador Médio
Cliente_466,Feminino,Médico,7206,Solteiro,Pagador Médio,Bom Pagador
Cliente_467,Feminino,Designer,7144,Solteiro,Bom Pagador,Bom Pagador
Cliente_468,Masculino,Designer,1896,Divorciado,Pagador Médio,Pagador Médio
Cliente_469,Masculino,Programador,4273,Divorciado,Pagador Médio,Pagador Médio
Cliente_470,Feminino,Professor,11596,Divorciado,Pagador Médio,Pagador Médio
Cliente_471,Feminino,Vendedor,14653,Solteiro,Pagador Médio,Pagador Médio
Cliente_472,Masculino,Professor,3889,Solteiro,Pagador Médio,Pagador Médio
Cliente_473,Feminino,Médico,14904,Solteiro,Pagador Médio,Bom Pagador
Cliente_474,Feminino,Vendedor,12728,Solteiro,Pagador Médio,Pagador Médio
Cliente_475,Feminino,Administrador,13914,Solteiro,Pagador Médio,Bom Pagador
Cliente_476,Feminino,Administrador,2905,Casado,Pagador Médio,Bom Pagador
Cliente_477,Feminino,Engenheiro,2393,Divorciado,Pagador Médio,Pagador Médio
Cliente_478,Feminino,Vendedor,11674,Solteiro,Pagador Médio,Pagador Médio
Cliente_479,Masculino,Administrador,14937,Casado,Pagador Médio,Pagador Médio
Cliente_480,Masculino,Vendedor,7124,Casado,Pagador Médio,Bom Pagador
Cliente_481,Masculino,Administrador,3323,Casado,Bom Pagador,Bom Pagador
Cliente_482,Feminino,Engenheiro,9219,Solteiro,Pagador Médio,Pagador Médio
Cliente_483,Masculino,Engenheiro,47395,Solteiro,Pagador Médio,Bom Pagador
Cliente_484,Feminino,Designer,4971,Divorciado,Pagador Médio,Bom Pagador
Cliente_485,Feminino,Designer,10073,Divorciado,Pagador Médio,Bom Pagador
Cliente_486,Masculino,Designer,10491,Solteiro,Pagador Médio,Pagador Médio
Cliente_487,Masculino,Programador,13459,Divorciado,Pagador Médio,Pagador Médio
Cliente_488,Feminino,Designer,12888,Casado,Pagador Médio,Bom Pagador
Cliente_489,Masculino,Engenheiro,1801,Casado,Pagador Médio,Bom Pagador
Cliente_490,Masculino,Vendedor,12371,Solteiro,Pagador Médio,Pagador Médio
Cliente_491,Feminino,Engenheiro,5685,Casado,Pagador Médio,Pagador Médio
Cliente_492,Feminino,Vendedor,6153,Casado,Pagador Médio,Bom Pagador
Cliente_493,Masculino,Professor,12911,Divorciado,Pagador Médio,Pagador Médio
Cliente_494,Feminino,Engenheiro,2369,Solteiro,Pagador Médio,Bom Pagador
Cliente_495,Masculino,Designer,1636,Divorciado,Bom Pagador,Bom Pagador
Cliente_496,Masculino,Administrador,55561,Casado,Pagador Médio,Pagador Médio
Cliente_497,Feminino,Designer,12315,Solteiro,Pagador Médio,Pagador Médio
Cliente_498,Feminino,Vendedor,3267,Solteiro,Pagador Médio,Pagador Médio
Cliente_499,Masculino,Administrador,70662,Casado,Pagador Médio,Bom Pagador
Cliente_500,Feminino,Médico,7737,Casado,Pagador Médio,Pagador Médio
Cliente_501,Masculino,Programador,13127,Solteiro,Pagador Médio,Bom Pagador
Cliente_502,Feminino,Administrador,61347,Casado,Pagador Médio,Bom Pagador
Cliente_503,Feminino,Engenheiro,11282,Casado,Pagador Médio,Pagador Médio
Cliente_504,Masculino,Programador,4554,Solteiro,Pagador Médio,Bom Pagador
Cliente_505,Feminino,Engenheiro,9003,Solteiro,Pagador Médio,Bom Pagador
Cliente_506,Masculino,Professor,13173,Divorciado,Pagador Médio,Pagador Médio
Cliente_507,Feminino,Professor,52426,Divorciado,Pagador Médio,Pagador Médio
Cliente_508,Masculino,Administrador,6495,Divorciado,Pagador Médio,Pagador Médio
Cliente_509,Masculino,Vendedor,7945,Casado,Pagador Médio,Pagador Médio
Cliente_510,Feminino,Programador,1801,Divorciado,Pagador Médio,Bom Pagador
Cliente_511,Masculino,Designer,7265,Divorciado,Pagador Médio,Pagador Médio
Cliente_512,Feminino,Médico,6453,Casado,Pagador Médio,Bom Pagador
Cliente_513,Masculino,Engenheiro,9712,Casado,Pagador Médio,Bom Pagador
Cliente_514,Masculino,Engenheiro,2515,Casado,Pagador Médio,Pagador Médio
Cliente_515,Masculino,Vendedor,7843,Divorciado,Bom Pagador,Bom Pagador
Cliente_516,Feminino,Médico,14850,Divorciado,Pagador Médio,Bom Pagador
Cliente_517,Feminino,Programador,10592,Solteiro,Pagador Médio,Pagador Médio
Cliente_518,Masculino,Programador,5195,Divorciado,Pagador Médio,Pagador Médio
Cliente_519,Feminino,Vendedor,7936,Divorciado,Pagador Médio,Pagador Médio
Cliente_520,Feminino,Engenheiro,2938,Casado,Pagador Médio,Pagador Médio
Cliente_521,Masculino,Professor,10031,Casado,Pagador Médio,Bom Pagador
Cliente_522,Masculino,Administrador,11534,Divorciado,Pagador Médio,Bom Pagador
Cliente_523,Masculino,Médico,12747,Solteiro,Pagador Médio,Bom Pagador
Cliente_524,Feminino,Engenheiro,5438,Divorciado,Pagador Médio,Pagador Médio
Cliente_525,Masculino,Professor,8487,Casado,Pagador Médio,Bom Pagador
Cliente_526,Masculino,Programador,11418,Solteiro,Pagador Médio,Pagador Médio
Cliente_527,Feminino,Professor,10383,Solteiro,Pagador Médio,Pagador Médio
Cliente_528,Masculino,Administrador,12190,Divorciado,Pagador Médio,Bom Pagador
Cliente_529,Feminino,Administrador,10369,Divorciado,Pagador Médio,Bom Pagador
Cliente_530,Masculino,Vendedor,4814,Solteiro,Pagador Médio,Bom Pagador
Cliente_531,Feminino,Administrador,6562,Casado,Pagador Médio,Bom Pagador
Cliente_532,Masculino,Designer,10082,Solteiro,Pagador Médio,Bom Pagador
Cliente_533,Masculino,Engenheiro,8546,Casado,Pagador Médio,Pagador Médio
Cliente_534,Masculino,Médico,14116,Divorciado,Pagador Médio,Bom Pagador
Cliente_535,Feminino,Professor,10754,Solteiro,Pagador Médio,Pagador Médio
Cliente_536,Feminino,Programador,6701,Casado,Pagador Médio,Bom Pagador
Cliente_537,Masculino,Professor,89856,Casado,Pagador Médio,Bom Pagador
Cliente_538,Masculino,Programador,3439,Solteiro,Pagador Médio,Bom Pagador
Cliente_539,Feminino,Administrador,3884,Casado,Pagador Médio,Pagador Médio
Cliente_540,Masculino,Administrador,14040,Solteiro,Pagador Médio,Bom Pagador
Cliente_541,Masculino,Designer,8283,Divorciado,Pagador Médio,Pagador Médio
Cliente_542,Masculino,Vendedor,6470,Divorciado,Pagador Médio,Pagador Médio
Cliente_543,Feminino,Programador,14962,Solteiro,Pagador Médio,Bom Pagador
Cliente_544,Feminino,Médico,13596,Divorciado,Pagador Médio,Bom Pagador
Cliente_545,Masculino,Designer,14264,Divorciado,Pagador Médio,Bom Pagador
Cliente_546,Feminino,Administrador,3655,Solteiro,Pagador Médio,Bom Pagador
Cliente_547,Masculino,Vendedor,13991,Casado,Pagador Médio,Pagador Médio
Cliente_548,Feminino,Professor,11608,Solteiro,Pagador Médio,Bom Pagador
Cliente_549,Masculino,Administrador,10790,Solteiro,Pagador Médio,Bom Pagador
Cliente_550,Masculino,Vendedor,11270,Solteiro,Pagador Médio,Pagador Médio
Cliente_551,Feminino,Vendedor,12761,Divorciado,Pagador Médio,Pagador Médio
Cliente_552,Masculino,Engenheiro,30417,Casado,Pagador Médio,Pagador Médio
Cliente_553,Masculino,Programador,9308,Divorciado,Pagador Médio,Bom Pagador
Cliente_554,Feminino,Vendedor,11407,Divorciado,Pagador Médio,Bom Pagador
Cliente_555,Feminino,Médico,12142,Solteiro,Pagador Médio,Bom Pagador
Cliente_556,Masculino,Engenheiro,7848,Divorciado,Pagador Médio,Pagador Médio
Cliente_557,Feminino,Engenheiro,3753,Casado,Pagador Médio,Bom Pagador
Cliente_558,Feminino,Designer,5207,Solteiro,Pagador Médio,Bom Pagador
Cliente_559,Feminino,Professor,21967,Casado,Pagador Médio,Pagador Médio
Cliente_560,Masculino,Administrador,8267,Casado,Pagador Médio,Bom Pagador
Cliente_561,Feminino,Engenheiro,12499,Divorciado,Pagador Médio,Bom Pagador
Cliente_562,Masculino,Médico,13915,Divorciado,Pagador Médio,Bom Pagador
Cliente_563,Feminino,Programador,4401,Divorciado,Pagador Médio,Bom Pagador
Cliente_564,Masculino,Administrador,8697,Solteiro,Pagador Médio,Pagador Médio
Cliente_565,Masculino,Programador,9527,Divorciado,Pagador Médio,Bom Pagador
Cliente_566,Feminino,Programador,8996,Casado,Pagador Médio,Bom Pagador
Cliente_567,Masculino,Designer,8505,Casado,Pagador Médio,Pagador Médio
Cliente_568,Masculino,Administrador,2185,Solteiro,Pagador Médio,Bom Pagador
Cliente_569,Feminino,Médico,7732,Divorciado,Pagador Médio,Bom Pagador
Cliente_570,Feminino,Engenheiro,7957,Casado,Pagador Médio,Bom Pagador
Cliente_571,Masculino,Vendedor,13664,Casado,Pagador Médio,Bom Pagador
Cliente_572,Feminino,Médico,10284,Casado,Pagador Médio,Bom Pagador
Cliente_573,Feminino,Administrador,13036,Casado,Bom Pagador,Bom Pagador
Cliente_574,Masculino,Designer,10030,Solteiro,Pagador Médio,Bom Pagador
Cliente_575,Masculino,Designer,8985,Casado,Pagador Médio,Pagador Médio
Cliente_576,Masculino,Professor,2194,Casado,Pagador Médio,Bom Pagador
Cliente_577,Feminino,Médico,5525,Casado,Pagador Médio,Pagador Médio
Cliente_578,Masculino,Programador,7981,Casado,Pagador Médio,Pagador Médio
Cliente_579,Feminino,Designer,2143,Casado,Pagador Médio,Bom Pagador
Cliente_580,Masculino,Designer,9956,Divorciado,Pagador Médio,Bom Pagador
Cliente_581,Masculino,Professor,2307,Solteiro,Pagador Médio,Pagador Médio
Cliente_582,Masculino,Vendedor,8701,Solteiro,Pagador Médio,Pagador Médio
Cliente_583,Masculino,Programador,6489,Divorciado,Pagador Médio,Bom Pagador
Cliente_584,Feminino,Vendedor,6184,Casado,Bom Pagador,Bom Pagador
Cliente_585,Feminino,Designer,8421,Divorciado,Pagador Médio,Bom Pagador
Cliente_586,Feminino,Engenheiro,2393,Casado,Pagador Médio,Bom Pagador
Cliente_587,Feminino,Administrador,3830,Casado,Pagador Médio,Pagador Médio
Cliente_588,Feminino,Programador,12085,Casado,Pagador Médio,Pagador Médio
Cliente_589,Masculino,Médico,13339,Solteiro,Pagador Médio,Bom Pagador
Cliente_590,Masculino,Administrador,4445,Divorciado,Pagador Médio,Bom Pagador
Cliente_591,Feminino,Professor,12905,Casado,Pagador Médio,Pagador Médio
Cliente_592,Feminino,Vendedor,7940,Divorciado,Pagador Médio,Pagador Médio
Cliente_593,Masculino,Engenheiro,8887,Casado,Pagador Médio,Bom Pagador
Cliente_594,Feminino,Engenheiro,79464,Solteiro,Pagador Médio,Pagador Médio
Cliente_595,Feminino,Médico,13175,Divorciado,Pagador Médio,Bom Pagador
Cliente_596,Masculino,Professor,8949,Divorciado,Pagador Médio,Pagador Médio
Cliente_597,Feminino,Designer,62477,Solteiro,Pagador Médio,Bom Pagador
Cliente_598,Feminino,Vendedor,13156,Solteiro,Pagador Médio,Bom Pagador
Cliente_599,Feminino,Administrador,13269,Solteiro,Pagador Médio,Pagador Médio
Cliente_600,Feminino,Vendedor,2994,Casado,Pagador Médio,Pagador Médio
Cliente_601,Feminino,Professor,8862,Casado,Bom Pagador,Bom Pagador
Cliente_602,Feminino,Vendedor,2897,Divorciado,Bom Pagador,Bom Pagador
Cliente_603,Masculino,Designer,7792,Casado,Pagador Médio,Bom Pagador
Cliente_604,Feminino,Médico,9883,Solteiro,Pagador Médio,Pagador Médio
Cliente_605,Feminino,Médico,4119,Divorciado,Pagador Médio,Pagador Médio
Cliente_606,Feminino,Engenheiro,7735,Casado,Pagador Médio,Pagador Médio
Cliente_607,Feminino,Engenheiro,42398,Solteiro,Pagador Médio,Bom Pagador
Cliente_608,Masculino,Engenheiro,10765,Solteiro,Pagador Médio,Bom Pagador
Cliente_609,Feminino,Médico,3959,Casado,Pagador Médio,Pagador Médio
Cliente_610,Masculino,Designer,3869,Divorciado,Pagador Médio,Bom Pagador
Cliente_611,Feminino,Médico,13166,Casado,Pagador Médio,Pagador Médio
Cliente_612,Masculino,Administrador,60378,Casado,Pagador Médio,Pagador Médio
Cliente_613,Feminino,Médico,14093,Solteiro,Pagador Médio,Bom Pagador
Cliente_614,Feminino,Engenheiro,6231,Divorciado,Pagador Médio,Pagador Médio
Cliente_615,Masculino,Professor,3426,Casado,Bom Pagador,Bom Pagador
Cliente_616,Masculino,Engenheiro,4823,Divorciado,Pagador Médio,Pagador Médio
Cliente_617,Feminino,Professor,53175,Divorciado,Pagador Médio,Pagador Médio
Cliente_618,Feminino,Designer,85225,Solteiro,Pagador Médio,Bom Pagador
Cliente_619,Feminino,Designer,10404,Solteiro,Pagador Médio,Pagador Médio
Cliente_620,Feminino,Programador,11461,Solteiro,Pagador Médio,Bom Pagador
Cliente_621,Feminino,Programador,5397,Casado,Pagador Médio,Pagador Médio
Cliente_622,Masculino,Programador,12304,Casado,Pagador Médio,Pagador Médio
Cliente_623,Feminino,Designer,8219,Divorciado,Pagador Médio,Bom Pagador
Cliente_624,Feminino,Engenheiro,11350,Casado,Pagador Médio,Bom Pagador
Cliente_625,Feminino,Engenheiro,5509,Solteiro,Pagador Médio,Bom Pagador
Cliente_626,Masculino,Engenheiro,6056,Casado,Pagador Médio,Bom Pagador
Cliente_627,Feminino,Médico,10634,Divorciado,Bom Pagador,Bom Pagador
Cliente_628,Feminino,Programador,4901,Casado,Pagador Médio,Pagador Médio
Cliente_629,Feminino,Engenheiro,39432,Casado,Pagador Médio,Bom Pagador
Cliente_630,Masculino,Programador,65746,Divorciado,Pagador Médio,Pagador Médio
Cliente_631,Masculino,Programador,24250,Divorciado,Pagador Médio,Bom Pagador
Cliente_632,Feminino,Administrador,11384,Casado,Pagador Médio,Bom Pagador
Cliente_633,Feminino,Médico,2936,Solteiro,Bom Pagador,Bom Pagador
Cliente_634,Masculino,Administrador,74651,Solteiro,Pagador Médio,Bom Pagador
Cliente_635,Masculino,Designer,4143,Solteiro,Pagador Médio,Pagador Médio
Cliente_636,Masculino,Engenheiro,11512,Solteiro,Pagador Médio,Pagador Médio
Cliente_637,Feminino,Médico,12966,Casado,Pagador Médio,Pagador Médio
Cliente_638,Masculino,Designer,14399,Casado,Pagador Médio,Bom Pagador
Cliente_639,Masculino,Designer,8960,Divorciado,Pagador Médio,Bom Pagador
Cliente_640,Masculino,Administrador,7401,Divorciado,Pagador Médio,Pagador Médio
Cliente_641,Masculino,Engenheiro,3025,Casado,Pagador Médio,Bom Pagador
Cliente_642,Feminino,Vendedor,6789,Solteiro,Pagador Médio,Bom Pagador
Cliente_643,Feminino,Programador,7708,Divorciado,Pagador Médio,Bom Pagador
Cliente_644,Feminino,Professor,13926,Divorciado,Pagador Médio,Pagador Médio
Cliente_645,Masculino,Programador,10518,Casado,Pagador Médio,Pagador Médio
Cliente_646,Masculino,Programador,81710,Casado,Pagador Médio,Bom Pagador
Cliente_647,Feminino,Professor,12880,Solteiro,Pagador Médio,Pagador Médio
Cliente_648,Feminino,Vendedor,6893,Casado,Pagador Médio,Pagador Médio
Cliente_649,Feminino,Designer,10095,Divorciado,Pagador Médio,Bom Pagador
Cliente_650,Feminino,Professor,4925,Divorciado,Pagador Médio,Pagador Médio
Cliente_651,Masculino,Professor,3290,Solteiro,Pagador Médio,Pagador Médio
Cliente_652,Masculino,Médico,11805,Solteiro,Pagador Médio,Bom Pagador
Cliente_653,Feminino,Médico,2936,Solteiro,Pagador Médio,Bom Pagador
Cliente_654,Feminino,Médico,12782,Casado,Pagador Médio,Pagador Médio
Cliente_655,Feminino,Designer,14413,Casado,Pagador Médio,Pagador Médio
Cliente_656,Feminino,Professor,6205,Solteiro,Pagador Médio,Bom Pagador
Cliente_657,Masculino,Engenheiro,6685,Divorciado,Pagador Médio,Bom Pagador
Cliente_658,Masculino,Professor,10923,Divorciado,Pagador Médio,Bom Pagador
Cliente_659,Masculino,Designer,7297,Casado,Pagador Médio,Bom Pagador
Cliente_660,Masculino,Médico,11564,Divorciado,Bom Pagador,Bom Pagador
Cliente_661,Feminino,Designer,10014,Casado,Pagador Médio,Pagador Médio
Cliente_662,Feminino,Médico,9654,Divorciado,Pagador Médio,Pagador Médio
Cliente_663,Masculino,Designer,4447,Casado,Pagador Médio,Bom Pagador
Cliente_664,Feminino,Administrador,5312,Casado,Pagador Médio,Pagador Médio
Cliente_665,Feminino,Engenheiro,4671,Divorciado,Bom Pagador,Bom Pagador
Cliente_666,Feminino,Médico,23143,Divorciado,Pagador Médio,Bom Pagador
Cliente_667,Masculino,Médico,14553,Casado,Pagador Médio,Pagador Médio
Cliente_668,Feminino,Professor,4896,Divorciado,Pagador Médio,Bom Pagador
Cliente_669,Feminino,Vendedor,8293,Solteiro,Pagador Médio,Bom Pagador
Cliente_670,Masculino,Vendedor,6968,Casado,Pagador Médio,Bom Pagador
Cliente_671,Masculino,Designer,14706,Divorciado,Pagador Médio,Bom Pagador
Cliente_672,Masculino,Programador,1685,Divorciado,Bom Pagador,Bom Pagador
Cliente_673,Masculino,Programador,12805,Divorciado,Pagador Médio,Bom Pagador
Cliente_674,Feminino,Professor,14446,Solteiro,Pagador Médio,Bom Pagador
Cliente_675,Masculino,Designer,59358,Casado,Pagador Médio,Bom Pagador
Cliente_676,Feminino,Engenheiro,6807,Solteiro,Pagador Médio,Bom Pagador
Cliente_677,Masculino,Professor,3365,Divorciado,Pagador Médio,Bom Pagador
Cliente_678,Feminino,Médico,7092,Solteiro,Pagador Médio,Bom Pagador
Cliente_679,Feminino,Engenheiro,10821,Solteiro,Pagador Médio,Pagador Médio
Cliente_680,Masculino,Designer,1977,Casado,Pagador Médio,Pagador Médio
Cliente_681,Feminino,Médico,4678,Casado,Pagador Médio,Pagador Médio
Cliente_682,Feminino,Administrador,7036,Divorciado,Pagador Médio,Bom Pagador
Cliente_683,Masculino,Programador,9349,Solteiro,Pagador Médio,Bom Pagador
Cliente_684,Masculino,Designer,14562,Casado,Pagador Médio,Bom Pagador
Cliente_685,Feminino,Administrador,37793,Solteiro,Pagador Médio,Pagador Médio
Cliente_686,Masculino,Administrador,11776,Solteiro,Pagador Médio,Bom Pagador
Cliente_687,Masculino,Médico,10297,Casado,Pagador Médio,Bom Pagador
Cliente_688,Masculino,Designer,9077,Casado,Pagador Médio,Pagador Médio
Cliente_689,Masculino,Médico,8282,Casado,Pagador Médio,Pagador Médio
Cliente_690,Masculino,Designer,2417,Divorciado,Pagador Médio,Pagador Médio
Cliente_691,Feminino,Administrador,6404,Casado,Pagador Médio,Bom Pagador
Cliente_692,Masculino,Administrador,12611,Solteiro,Pagador Médio,Pagador Médio
Cliente_693,Feminino,Administrador,10279,Casado,Pagador Médio,Pagador Médio
Cliente_694,Feminino,Vendedor,95680,Casado,Pagador Médio,Bom Pagador
Cliente_695,Feminino,Programador,14599,Divorciado,Pagador Médio,Pagador Médio
Cliente_696,Masculino,Professor,14538,Divorciado,Pagador Médio,Pagador Médio
Cliente_697,Masculino,Médico,3946,Solteiro,Pagador Médio,Pagador Médio
Cliente_698,Masculino,Médico,2010,Divorciado,Pagador Médio,Bom Pagador
Cliente_699,Feminino,Programador,7647,Solteiro,Pagador Médio,Pagador Médio
Cliente_700,Feminino,Vendedor,4219,Divorciado,Pagador Médio,Pagador Médio
Cliente_701,Feminino,Professor,7882,Solteiro,Pagador Médio,Pagador Médio
Cliente_702,Feminino,Designer,3414,Solteiro,Pagador Médio,Pagador Médio
Cliente_703,Feminino,Médico,13813,Divorciado,Pagador Médio,Bom Pagador
Cliente_704,Masculino,Professor,6652,Solteiro,Pagador Médio,Pagador Médio
Cliente_705,Masculino,Designer,5948,Divorciado,Pagador Médio,Bom Pagador
Cliente_706,Feminino,Médico,9643,Casado,Pagador Médio,Pagador Médio
Cliente_707,Masculino,Médico,7588,Casado,Pagador Médio,Pagador Médio
Cliente_708,Feminino,Vendedor,6458,Divorciado,Pagador Médio,Bom Pagador
Cliente_709,Feminino,Vendedor,6453,Casado,Pagador Médio,Pagador Médio
Cliente_710,Feminino,Vendedor,7631,Casado,Pagador Médio,Bom Pagador
Cliente_711,Masculino,Designer,14243,Divorciado,Pagador Médio,Bom Pagador
Cliente_712,Masculino,Programador,3017,Divorciado,Pagador Médio,Pagador Médio
Cliente_713,Masculino,Administrador,1908,Divorciado,Pagador Médio,Pagador Médio
Cliente_714,Feminino,Professor,9692,Casado,Pagador Médio,Pagador Médio
Cliente_715,Masculino,Médico,7072,Solteiro,Pagador Médio,Pagador Médio
Cliente_716,Masculino,Designer,13500,Divorciado,Pagador Médio,Pagador Médio
Cliente_717,Masculino,Médico,6584,Divorciado,Pagador Médio,Pagador Médio
Cliente_718,Feminino,Administrador,3847,Casado,Pagador Médio,Pagador Médio
Cliente_719,Masculino,Administrador,3109,Solteiro,Pagador Médio,Pagador Médio
Cliente_720,Masculino,Designer,9956,Solteiro,Pagador Médio,Bom Pagador
Cliente_721,Feminino,Médico,3674,Solteiro,Pagador Médio,Pagador Médio
Cliente_722,Masculino,Engenheiro,2098,Divorciado,Pagador Médio,Bom Pagador
Cliente_723,Feminino,Programador,13192,Casado,Pagador Médio,Pagador Médio
Cliente_724,Feminino,Professor,3397,Casado,Bom Pagador,Bom Pagador
Cliente_725,Masculino,Programador,25771,Casado,Pagador Médio,Bom Pagador
Cliente_726,Feminino,Programador,11236,Casado,Bom Pagador,Bom Pagador
Cliente_727,Masculino,Professor,6960,Casado,Pagador Médio,Bom Pagador
Cliente_728,Feminino,Vendedor,2255,Solteiro,Pagador Médio,Bom Pagador
Cliente_729,Masculino,Administrador,14053,Solteiro,Pagador Médio,Pagador Médio
Cliente_730,Feminino,Programador,6619,Solteiro,Pagador Médio,Pagador Médio
Cliente_731,Masculino,Engenheiro,60913,Solteiro,Pagador Médio,Pagador Médio
Cliente_732,Masculino,Vendedor,4938,Divorciado,Pagador Médio,Pagador Médio
Cliente_733,Masculino,Designer,4654,Solteiro,Pagador Médio,Pagador Médio
Cliente_734,Masculino,Vendedor,10220,Solteiro,Pagador Médio,Pagador Médio
Cliente_735,Feminino,Professor,8727,Divorciado,Pagador Médio,Pagador Médio
Cliente_736,Masculino,Designer,5967,Divorciado,Pagador Médio,Pagador Médio
Cliente_737,Masculino,Administrador,5983,Divorciado,Pagador Médio,Pagador Médio
Cliente_738,Masculino,Médico,11706,Divorciado,Bom Pagador,Bom Pagador
Cliente_739,Masculino,Administrador,3177,Divorciado,Pagador Médio,Pagador Médio
Cliente_740,Feminino,Vendedor,7239,Divorciado,Pagador Médio,Bom Pagador
Cliente_741,Masculino,Engenheiro,5940,Divorciado,Pagador Médio,Bom Pagador
Cliente_742,Feminino,Administrador,13040,Divorciado,Pagador Médio,Pagador Médio
Cliente_743,Masculino,Administrador,10905,Solteiro,Pagador Médio,Bom Pagador
Cliente_744,Feminino,Administrador,2667,Casado,Bom Pagador,Bom Pagador
Cliente_745,Feminino,Administrador,7049,Casado,Pagador Médio,Pagador Médio
Cliente_746,Feminino,Designer,2331,Solteiro,Pagador Médio,Pagador Médio
Cliente_747,Feminino,Vendedor,9212,Solteiro,Pagador Médio,Pagador Médio
Cliente_748,Masculino,Designer,2326,Solteiro,Pagador Médio,Pagador Médio
Cliente_749,Feminino,Professor,2381,Solteiro,Pagador Médio,Pagador Médio
Cliente_750,Feminino,Vendedor,71369,Casado,Pagador Médio,Bom Pagador
Cliente_751,Feminino,Médico,11266,Casado,Pagador Médio,Pagador Médio
Cliente_752,Masculino,Professor,11813,Casado,Pagador Médio,Pagador Médio
Cliente_753,Masculino,Médico,12958,Divorciado,Pagador Médio,Bom Pagador
Cliente_754,Masculino,Vendedor,7326,Casado,Pagador Médio,Bom Pagador
Cliente_755,Feminino,Professor,14892,Solteiro,Pagador Médio,Pagador Médio
Cliente_756,Feminino,Vendedor,13925,Casado,Pagador Médio,Bom Pagador
Cliente_757,Feminino,Designer,10240,Divorciado,Pagador Médio,Pagador Médio
Cliente_758,Feminino,Administrador,81039,Divorciado,Pagador Médio,Bom Pagador
Cliente_759,Masculino,Designer,3022,Casado,Pagador Médio,Bom Pagador
Cliente_760,Feminino,Engenheiro,12945,Solteiro,Pagador Médio,Pagador Médio
Cliente_761,Masculino,Designer,8964,Divorciado,Pagador Médio,Pagador Médio
Cliente_762,Feminino,Programador,12058,Casado,Pagador Médio,Bom Pagador
Cliente_763,Feminino,Designer,9125,Solteiro,Pagador Médio,Pagador Médio
Cliente_764,Feminino,Programador,5166,Divorciado,Pagador Médio,Bom Pagador
Cliente_765,Feminino,Designer,11607,Solteiro,Pagador Médio,Bom Pagador
Cliente_766,Masculino,Programador,7454,Solteiro,Pagador Médio,Bom Pagador
Cliente_767,Feminino,Programador,12962,Solteiro,Pagador Médio,Bom Pagador
Cliente_768,Masculino,Administrador,6912,Divorciado,Bom Pagador,Bom Pagador
Cliente_769,Feminino,Vendedor,6820,Solteiro,Pagador Médio,Pagador Médio
Cliente_770,Masculino,Designer,1995,Divorciado,Pagador Médio,Pagador Médio
Cliente_771,Feminino,Programador,34796,Solteiro,Pagador Médio,Bom Pagador
Cliente_772,Masculino,Engenheiro,9056,Casado,Pagador Médio,Bom Pagador
Cliente_773,Feminino,Administrador,6124,Solteiro,Pagador Médio,Pagador Médio
Cliente_774,Feminino,Médico,11403,Solteiro,Pagador Médio,Bom Pagador
Cliente_775,Masculino,Vendedor,9822,Solteiro,Pagador Médio,Pagador Médio
Cliente_776,Masculino,Administrador,14894,Solteiro,Pagador Médio,Pagador Médio
Cliente_777,Masculino,Programador,3252,Casado,Pagador Médio,Pagador Médio
Cliente_778,Masculino,Programador,12140,Divorciado,Pagador Médio,Pagador Médio
Cliente_779,Feminino,Vendedor,59599,Solteiro,Pagador Médio,Pagador Médio
Cliente_780,Feminino,Engenheiro,8066,Solteiro,Pagador Médio,Pagador Médio
Cliente_781,Feminino,Engenheiro,5408,Solteiro,Pagador Médio,Bom Pagador
Cliente_782,Masculino,Administrador,10477,Casado,Pagador Médio,Bom Pagador
Cliente_783,Masculino,Professor,9403,Casado,Pagador Médio,Pagador Médio
Cliente_784,Feminino,Vendedor,7082,Solteiro,Pagador Médio,Bom Pagador
Cliente_785,Feminino,Vendedor,12871,Solteiro,Pagador Médio,Pagador Médio
Cliente_786,Masculino,Médico,14350,Solteiro,Pagador Médio,Bom Pagador
Cliente_787,Masculino,Professor,10793,Solteiro,Pagador Médio,Pagador Médio
Cliente_788,Feminino,Vendedor,10421,Divorciado,Pagador Médio,Pagador Médio
Cliente_789,Feminino,Programador,4335,Divorciado,Pagador Médio,Bom Pagador
Cliente_790,Feminino,Engenheiro,2776,Divorciado,Pagador Médio,Bom Pagador
Cliente_791,Feminino,Programador,13163,Solteiro,Pagador Médio,Pagador Médio
Cliente_792,Feminino,Vendedor,9472,Casado,Pagador Médio,Bom Pagador
Cliente_793,Masculino,Vendedor,11266,Solteiro,Pagador Médio,Bom Pagador
Cliente_794,Masculino,Vendedor,10594,Casado,Pagador Médio,Bom Pagador
Cliente_795,Feminino,Designer,78355,Solteiro,Pagador Médio,Pagador Médio
Cliente_796,Feminino,Administrador,8148,Solteiro,Pagador Médio,Pagador Médio
Cliente_797,Masculino,Médico,34253,Casado,Pagador Médio,Pagador Médio
Cliente_798,Masculino,Administrador,11271,Divorciado,Pagador Médio,Pagador Médio
Cliente_799,Feminino,Designer,7708,Solteiro,Pagador Médio,Bom Pagador
Cliente_800,Masculino,Engenheiro,12067,Solteiro,Pagador Médio,Bom Pagador
Cliente_801,Masculino,Engenheiro,2983,Solteiro,Pagador Médio,Pagador Médio
Cliente_802,Feminino,Engenheiro,3776,Divorciado,Pagador Médio,Bom Pagador
Cliente_803,Feminino,Médico,13869,Solteiro,Pagador Médio,Bom Pagador
Cliente_804,Feminino,Professor,1503,Divorciado,Pagador Médio,Bom Pagador
Cliente_805,Feminino,Programador,12327,Solteiro,Pagador Médio,Pagador Médio
Cliente_806,Masculino,Vendedor,10204,Solteiro,Pagador Médio,Bom Pagador
Cliente_807,Masculino,Programador,11585,Divorciado,Pagador Médio,Bom Pagador
Cliente_808,Feminino,Programador,4705,Casado,Pagador Médio,Pagador Médio
Cliente_809,Masculino,Programador,6687,Solteiro,Pagador Médio,Bom Pagador
Cliente_810,Feminino,Vendedor,14514,Solteiro,Pagador Médio,Bom Pagador
Cliente_811,Feminino,Programador,6489,Solteiro,Pagador Médio,Bom Pagador
Cliente_812,Feminino,Professor,8622,Divorciado,Pagador Médio,Bom Pagador
Cliente_813,Feminino,Designer,7140,Casado,Bom Pagador,Bom Pagador
Cliente_814,Masculino,Médico,11047,Divorciado,Pagador Médio,Bom Pagador
Cliente_815,Feminino,Designer,86902,Casado,Pagador Médio,Pagador Médio
Cliente_816,Masculino,Designer,3589,Casado,Pagador Médio,Pagador Médio
Cliente_817,Masculino,Administrador,2522,Solteiro,Pagador Médio,Pagador Médio
Cliente_818,Feminino,Vendedor,10492,Divorciado,Pagador Médio,Bom Pagador
Cliente_819,Feminino,Programador,1513,Divorciado,Pagador Médio,Bom Pagador
Cliente_820,Masculino,Vendedor,14947,Divorciado,Pagador Médio,Bom Pagador
Cliente_821,Feminino,Programador,3297,Solteiro,Pagador Médio,Pagador Médio
Cliente_822,Feminino,Professor,2010,Divorciado,Pagador Médio,Bom Pagador
Cliente_823,Feminino,Médico,13005,Divorciado,Pagador Médio,Pagador Médio
Cliente_824,Masculino,Engenheiro,11743,Solteiro,Pagador Médio,Bom Pagador
Cliente_825,Masculino,Designer,7771,Solteiro,Pagador Médio,Pagador Médio
Cliente_826,Masculino,Engenheiro,8630,Divorciado,Pagador Médio,Bom Pagador
Cliente_827,Feminino,Médico,12354,Solteiro,Pagador Médio,Pagador Médio
Cliente_828,Feminino,Designer,3778,Divorciado,Bom Pagador,Bom Pagador
Cliente_829,Feminino,Engenheiro,7801,Solteiro,Pagador Médio,Bom Pagador
Cliente_830,Feminino,Engenheiro,7402,Divorciado,Pagador Médio,Pagador Médio
Cliente_831,Masculino,Administrador,4027,Solteiro,Pagador Médio,Pagador Médio
Cliente_832,Masculino,Vendedor,12478,Casado,Pagador Médio,Bom Pagador
Cliente_833,Feminino,Professor,1690,Solteiro,Pagador Médio,Bom Pagador
Cliente_834,Masculino,Médico,22058,Divorciado,Pagador Médio,Bom Pagador
Cliente_835,Masculino,Médico,9474,Solteiro,Pagador Médio,Pagador Médio
Cliente_836,Masculino,Médico,3724,Divorciado,Pagador Médio,Bom Pagador
Cliente_837,Masculino,Designer,74507,Solteiro,Pagador Médio,Bom Pagador
Cliente_838,Feminino,Administrador,14425,Solteiro,Pagador Médio,Bom Pagador
Cliente_839,Feminino,Professor,8474,Divorciado,Pagador Médio,Bom Pagador
Cliente_840,Feminino,Programador,8944,Divorciado,Pagador Médio,Bom Pagador
Cliente_841,Masculino,Designer,10544,Casado,Pagador Médio,Pagador Médio
Cliente_842,Masculino,Médico,7803,Casado,Pagador Médio,Pagador Médio
Cliente_843,Feminino,Designer,4544,Divorciado,Pagador Médio,Pagador Médio
Cliente_844,Feminino,Engenheiro,1621,Divorciado,Pagador Médio,Pagador Médio
Cliente_845,Masculino,Designer,13475,Solteiro,Pagador Médio,Pagador Médio
Cliente_846,Feminino,Vendedor,9720,Casado,Pagador Médio,Pagador Médio
Cliente_847,Feminino,Vendedor,10448,Divorciado,Pagador Médio,Pagador Médio
Cliente_848,Feminino,Designer,2048,Solteiro,Pagador Médio,Pagador Médio
Cliente_849,Feminino,Médico,10808,Solteiro,Pagador Médio,Pagador Médio
Cliente_850,Feminino,Engenheiro,7538,Casado,Pagador Médio,Pagador Médio
Cliente_851,Feminino,Médico,9389,Casado,Pagador Médio,Bom Pagador
Cliente_852,Masculino,Engenheiro,2811,Casado,Pagador Médio,Pagador Médio
Cliente_853,Feminino,Administrador,13481,Solteiro,Pagador Médio,Pagador Médio
Cliente_854,Feminino,Vendedor,13797,Divorciado,Pagador Médio,Pagador Médio
Cliente_855,Masculino,Engenheiro,9117,Solteiro,Bom Pagador,Bom Pagador
Cliente_856,Feminino,Engenheiro,10074,Casado,Pagador Médio,Pagador Médio
Cliente_857,Feminino,Administrador,2949,Solteiro,Pagador Médio,Pagador Médio
Cliente_858,Masculino,Médico,11832,Casado,Pagador Médio,Bom Pagador
Cliente_859,Feminino,Vendedor,12456,Solteiro,Pagador Médio,Bom Pagador
Cliente_860,Feminino,Engenheiro,90673,Casado,Pagador Médio,Pagador Médio
Cliente_861,Masculino,Vendedor,6619,Solteiro,Pagador Médio,Pagador Médio
Cliente_862,Masculino,Administrador,7128,Divorciado,Pagador Médio,Bom Pagador
Cliente_863,Feminino,Professor,1676,Solteiro,Pagador Médio,Bom Pagador
Cliente_864,Masculino,Vendedor,9899,Casado,Pagador Médio,Bom Pagador
Cliente_865,Feminino,Professor,10903,Casado,Pagador Médio,Pagador Médio
Cliente_866,Masculino,Programador,8397,Divorciado,Pagador Médio,Bom Pagador
Cliente_867,Masculino,Professor,14578,Casado,Pagador Médio,Pagador Médio
Cliente_868,Masculino,Programador,4244,Divorciado,Pagador Médio,Pagador Médio
Cliente_869,Masculino,Professor,98333,Divorciado,Pagador Médio,Pagador Médio
Cliente_870,Masculino,Médico,13410,Solteiro,Pagador Médio,Pagador Médio
Cliente_871,Masculino,Programador,5767,Solteiro,Bom Pagador,Bom Pagador
Cliente_872,Feminino,Designer,82018,Casado,Pagador Médio,Bom Pagador
Cliente_873,Feminino,Designer,10885,Casado,Pagador Médio,Pagador Médio
Cliente_874,Feminino,Professor,58240,Solteiro,Pagador Médio,Bom Pagador
Cliente_875,Masculino,Administrador,11728,Casado,Pagador Médio,Pagador Médio
Cliente_876,Feminino,Designer,83538,Casado,Pagador Médio,Bom Pagador
Cliente_877,Masculino,Vendedor,86269,Casado,Pagador Médio,Pagador Médio
Cliente_878,Feminino,Professor,56418,Divorciado,Pagador Médio,Pagador Médio
Cliente_879,Feminino,Professor,11589,Divorciado,Pagador Médio,Bom Pagador
Cliente_880,Masculino,Vendedor,5709,Casado,Pagador Médio,Pagador Médio
Cliente_881,Masculino,Vendedor,34621,Divorciado,Pagador Médio,Pagador Médio
Cliente_882,Masculino,Designer,11195,Casado,Pagador Médio,Bom Pagador
Cliente_883,Feminino,Designer,12299,Solteiro,Pagador Médio,Pagador Médio
Cliente_884,Feminino,Engenheiro,14735,Divorciado,Pagador Médio,Pagador Médio
Cliente_885,Feminino,Vendedor,14320,Casado,Pagador Médio,Pagador Médio
Cliente_886,Feminino,Programador,9444,Casado,Bom Pagador,Bom Pagador
Cliente_887,Masculino,Professor,10140,Casado,Pagador Médio,Pagador Médio
Cliente_888,Feminino,Designer,7117,Solteiro,Pagador Médio,Pagador Médio
Cliente_889,Feminino,Programador,3876,Solteiro,Pagador Médio,Bom Pagador
Cliente_890,Feminino,Designer,14963,Casado,Pagador Médio,Bom Pagador
Cliente_891,Feminino,Designer,9625,Divorciado,Pagador Médio,Bom Pagador
Cliente_892,Feminino,Engenheiro,8265,Casado,Pagador Médio,Bom Pagador
Cliente_893,Masculino,Vendedor,5398,Solteiro,Pagador Médio,Pagador Médio
Cliente_894,Masculino,Professor,13394,Solteiro,Pagador Médio,Bom Pagador
Cliente_895,Feminino,Professor,4954,Divorciado,Pagador Médio,Pagador Médio
Cliente_896,Feminino,Médico,7153,Casado,Pagador Médio,Pagador Médio
Cliente_897,Masculino,Administrador,54654,Divorciado,Pagador Médio,Bom Pagador
Cliente_898,Feminino,Vendedor,3400,Solteiro,Pagador Médio,Pagador Médio
Cliente_899,Feminino,Administrador,80819,Casado,Pagador Médio,Bom Pagador
Cliente_900,Masculino,Administrador,6437,Casado,Pagador Médio,Pagador Médio
Cliente_901,Feminino,Engenheiro,13827,Divorciado,Pagador Médio,Bom Pagador
Cliente_902,Feminino,Programador,5328,Divorciado,Pagador Médio,Bom Pagador
Cliente_903,Feminino,Engenheiro,13060,Divorciado,Pagador Médio,Bom Pagador
Cliente_904,Feminino,Administrador,5802,Solteiro,Pagador Médio,Bom Pagador
Cliente_905,Feminino,Administrador,8622,Solteiro,Pagador Médio,Bom Pagador
Cliente_906,Feminino,Programador,78827,Solteiro,Pagador Médio,Bom Pagador
Cliente_907,Masculino,Professor,6672,Casado,Pagador Médio,Pagador Médio
Cliente_908,Feminino,Médico,12688,Casado,Pagador Médio,Bom Pagador
Cliente_909,Feminino,Médico,3095,Divorciado,Pagador Médio,Bom Pagador
Cliente_910,Feminino,Professor,11943,Divorciado,Pagador Médio,Pagador Médio
Cliente_911,Masculino,Designer,8574,Solteiro,Pagador Médio,Pagador Médio
Cliente_912,Feminino,Engenheiro,12183,Divorciado,Pagador Médio,Pagador Médio
Cliente_913,Masculino,Médico,6988,Solteiro,Pagador Médio,Bom Pagador
Cliente_914,Feminino,Vendedor,14645,Solteiro,Pagador Médio,Pagador Médio
Cliente_915,Masculino,Administrador,96569,Casado,Pagador Médio,Pagador Médio
Cliente_916,Feminino,Designer,14167,Solteiro,Pagador Médio,Bom Pagador
Cliente_917,Feminino,Programador,5461,Casado,Pagador Médio,Bom Pagador
Cliente_918,Feminino,Vendedor,11145,Solteiro,Pagador Médio,Pagador Médio
Cliente_919,Feminino,Médico,10018,Divorciado,Pagador Médio,Bom Pagador
Cliente_920,Masculino,Programador,12809,Casado,Pagador Médio,Pagador Médio
Cliente_921,Masculino,Designer,6632,Solteiro,Pagador Médio,Bom Pagador
Cliente_922,Feminino,Programador,12523,Solteiro,Pagador Médio,Bom Pagador
Cliente_923,Feminino,Designer,28906,Casado,Pagador Médio,Pagador Médio
Cliente_924,Masculino,Programador,32805,Divorciado,Pagador Médio,Pagador Médio
Cliente_925,Masculino,Engenheiro,12731,Casado,Pagador Médio,Pagador Médio
Cliente_926,Masculino,Médico,5094,Casado,Pagador Médio,Pagador Médio
Cliente_927,Masculino,Médico,5627,Divorciado,Bom Pagador,Bom Pagador
Cliente_928,Masculino,Administrador,1888,Divorciado,Pagador Médio,Bom Pagador
Cliente_929,Masculino,Designer,2431,Divorciado,Pagador Médio,Pagador Médio
Cliente_930,Masculino,Programador,12257,Casado,Pagador Médio,Bom Pagador
Cliente_931,Masculino,Professor,5052,Divorciado,Pagador Médio,Pagador Médio
Cliente_932,Masculino,Administrador,11954,Casado,Pagador Médio,Bom Pagador
Cliente_933,Feminino,Vendedor,3465,Casado,Pagador Médio,Bom Pagador
Cliente_934,Feminino,Vendedor,99257,Casado,Pagador Médio,Bom Pagador
Cliente_935,Feminino,Administrador,12254,Divorciado,Pagador Médio,Pagador Médio
Cliente_936,Masculino,Médico,12115,Divorciado,Pagador Médio,Bom Pagador
Cliente_937,Masculino,Programador,4527,Casado,Pagador Médio,Bom Pagador
Cliente_938,Masculino,Programador,12897,Casado,Pagador Médio,Pagador Médio
Cliente_939,Masculino,Engenheiro,6326,Divorciado,Pagador Médio,Bom Pagador
Cliente_940,Feminino,Vendedor,2740,Casado,Pagador Médio,Pagador Médio
Cliente_941,Feminino,Professor,6028,Solteiro,Pagador Médio,Pagador Médio
Cliente_942,Feminino,Médico,12841,Casado,Pagador Médio,Bom Pagador
Cliente_943,Masculino,Engenheiro,14113,Solteiro,Pagador Médio,Pagador Médio
Cliente_944,Feminino,Professor,5716,Solteiro,Bom Pagador,Bom Pagador
Cliente_945,Feminino,Médico,2712,Casado,Pagador Médio,Bom Pagador
Cliente_946,Feminino,Engenheiro,2522,Casado,Pagador Médio,Pagador Médio
Cliente_947,Masculino,Professor,6950,Casado,Pagador Médio,Pagador Médio
Cliente_948,Masculino,Médico,5730,Solteiro,Pagador Médio,Pagador Médio
Cliente_949,Masculino,Vendedor,5836,Divorciado,Pagador Médio,Pagador Médio
Cliente_950,Masculino,Professor,2637,Solteiro,Pagador Médio,Bom Pagador
Cliente_951,Masculino,Programador,4787,Solteiro,Pagador Médio,Bom Pagador
Cliente_952,Feminino,Designer,4423,Solteiro,Pagador Médio,Bom Pagador
Cliente_953,Masculino,Designer,3276,Divorciado,Pagador Médio,Pagador Médio
Cliente_954,Masculino,Programador,14094,Solteiro,Bom Pagador,Bom Pagador
Cliente_955,Feminino,Professor,11559,Solteiro,Pagador Médio,Pagador Médio
Cliente_956,Feminino,Programador,8734,Casado,Pagador Médio,Pagador Médio
Cliente_957,Masculino,Designer,3192,Divorciado,Pagador Médio,Bom Pagador
Cliente_958,Feminino,Designer,29229,Solteiro,Pagador Médio,Pagador Médio
Cliente_959,Masculino,Professor,5605,Solteiro,Pagador Médio,Bom Pagador
Cliente_960,Masculino,Designer,1807,Casado,Pagador Médio,Pagador Médio
Cliente_961,Feminino,Vendedor,3938,Divorciado,Pagador Médio,Pagador Médio
Cliente_962,Masculino,Programador,1514,Divorciado,Pagador Médio,Bom Pagador
Cliente_963,Feminino,Vendedor,12388,Casado,Pagador Médio,Pagador Médio
Cliente_964,Feminino,Vendedor,3983,Solteiro,Pagador Médio,Bom Pagador
Cliente_965,Feminino,Professor,7911,Casado,Pagador Médio,Bom Pagador
Cliente_966,Feminino,Programador,9944,Divorciado,Pagador Médio,Pagador Médio
Cliente_967,Masculino,Professor,14131,Divorciado,Pagador Médio,Pagador Médio
Cliente_968,Feminino,Designer,8644,Solteiro,Pagador Médio,Bom Pagador
Cliente_969,Feminino,Médico,13423,Solteiro,Pagador Médio,Pagador Médio
Cliente_970,Masculino,Professor,14367,Divorciado,Pagador Médio,Pagador Médio
Cliente_971,Masculino,Professor,49602,Divorciado,Pagador Médio,Bom Pagador
Cliente_972,Feminino,Médico,83185,Casado,Pagador Médio,Pagador Médio
Cliente_973,Masculino,Administrador,10270,Casado,Pagador Médio,Pagador Médio
Cliente_974,Feminino,Designer,7380,Solteiro,Pagador Médio,Pagador Médio
Cliente_975,Feminino,Programador,6461,Casado,Pagador Médio,Bom Pagador
Cliente_976,Masculino,Engenheiro,11859,Divorciado,Pagador Médio,Pagador Médio
Cliente_977,Masculino,Administrador,12101,Casado,Pagador Médio,Bom Pagador
Cliente_978,Feminino,Médico,90074,Casado,Pagador Médio,Bom Pagador
Cliente_979,Feminino,Engenheiro,7071,Divorciado,Pagador Médio,Bom Pagador
Cliente_980,Masculino,Designer,80245,Casado,Pagador Médio,Bom Pagador
Cliente_981,Masculino,Professor,6250,Divorciado,Pagador Médio,Bom Pagador
Cliente_982,Feminino,Professor,4393,Casado,Pagador Médio,Pagador Médio
Cliente_983,Feminino,Administrador,7794,Divorciado,Pagador Médio,Pagador Médio
Cliente_984,Feminino,Designer,6396,Divorciado,Pagador Médio,Pagador Médio
Cliente_985,Masculino,Programador,3249,Solteiro,Pagador Médio,Bom Pagador
Cliente_986,Feminino,Programador,7386,Solteiro,Pagador Médio,Bom Pagador
Cliente_987,Masculino,Vendedor,11867,Casado,Pagador Médio,Pagador Médio
Cliente_988,Masculino,Designer,4604,Solteiro,Pagador Médio,Pagador Médio
Cliente_989,Masculino,Designer,4663,Casado,Pagador Médio,Pagador Médio
Cliente_990,Feminino,Vendedor,97718,Casado,Pagador Médio,Pagador Médio
Cliente_991,Feminino,Designer,7869,Casado,Pagador Médio,Pagador Médio
Cliente_992,Masculino,Designer,90851,Casado,Pagador Médio,Pagador Médio
Cliente_993,Masculino,Vendedor,9686,Casado,Pagador Médio,Pagador Médio
Cliente_994,Feminino,Administrador,14800,Casado,Pagador Médio,Bom Pagador
Cliente_995,Feminino,Designer,1768,Solteiro,Pagador Médio,Pagador Médio
Cliente_996,Masculino,Designer,27347,Solteiro,Pagador Médio,Pagador Médio
Cliente_997,Feminino,Professor,13313,Solteiro,Pagador Médio,Bom Pagador
Cliente_998,Feminino,Engenheiro,35491,Divorciado,Pagador Médio,Pagador Médio
Cliente_999,Feminino,Programador,12212,Divorciado,Pagador Médio,Bom Pagador
